AÑO,COLE_COD_MCPIO_UBICACION,PUNT_LECTURA_CRITICA,PUNT_MATEMATICAS,PUNT_C_NATURALES,PUNT_SOCIALES_CIUDADANAS,PUNT_INGLES,PUNT_GLOBAL,COLE_MCPIO_UBICACION
2015,05001,50,50,49,50,51,252,MEDELLÍN
2015,05002,49,49,50,50,49,249,ABEJORRAL
2015,05004,45,43,44,45,46,223,ABRIAQUÍ
2015,05021,49,46,48,49,45,240,ALEJANDRÍA
2015,05030,46,45,45,46,46,230,AMAGÁ
2015,05031,47,46,45,47,46,233,AMALFI
2015,05034,49,48,47,49,46,243,ANDES
2015,05036,49,47,45,48,45,237,ANGELÓPOLIS
2015,05038,45,44,44,45,45,225,ANGOSTURA
2015,05040,45,42,43,43,44,218,ANORÍ
2015,05042,46,44,43,44,45,225,SANTA FÉ DE ANTIOQUIA
2015,05044,45,44,45,44,47,226,ANZÁ
2015,05045,48,48,47,48,48,240,APARTADÓ
2015,05051,44,44,44,43,46,221,ARBOLETES
2015,05055,45,43,44,45,43,221,ARGELIA
2015,05059,49,51,50,50,47,251,ARMENIA
2015,05079,48,47,46,47,48,238,BARBOSA
2015,05086,45,45,43,45,44,224,BELMIRA
2015,05088,50,49,48,49,49,247,BELLO
2015,05091,45,46,44,45,48,228,BETANIA
2015,05093,45,44,44,44,45,223,BETULIA
2015,05101,50,50,48,49,48,248,CIUDAD BOLÍVAR
2015,05107,43,44,44,43,43,218,BRICEÑO
2015,05113,45,44,44,45,45,223,BURITICÁ
2015,05120,46,45,45,46,45,229,CÁCERES
2015,05125,45,44,45,46,45,225,CAICEDO
2015,05129,50,51,50,50,50,253,CALDAS
2015,05134,50,48,49,50,46,247,CAMPAMENTO
2015,05138,44,42,42,43,43,216,CAÑASGORDAS
2015,05142,45,43,43,43,44,221,CARACOLÍ
2015,05145,49,48,47,49,45,242,CARAMANTA
2015,05147,48,48,47,48,47,240,CAREPA
2015,05148,52,53,51,52,51,261,EL CARMEN DE VIBORAL
2015,05150,48,49,50,51,47,248,CAROLINA
2015,05154,47,47,46,47,46,237,CAUCASIA
2015,05172,46,45,45,45,46,230,CHIGORODÓ
2015,05190,45,43,43,43,45,220,CISNEROS
2015,05197,48,49,49,47,48,243,COCORNÁ
2015,05206,44,43,44,44,43,220,CONCEPCIÓN
2015,05209,47,48,48,47,47,240,CONCORDIA
2015,05212,52,54,52,53,53,266,COPACABANA
2015,05234,45,44,44,44,44,222,DABEIBA
2015,05237,49,48,47,49,49,242,DONMATÍAS
2015,05240,47,46,45,47,46,233,EBÉJICO
2015,05250,45,43,42,43,44,218,EL BAGRE
2015,05264,54,57,55,56,54,279,ENTRERRÍOS
2015,05266,54,57,54,55,60,280,ENVIGADO
2015,05282,47,45,45,46,46,232,FREDONIA
2015,05284,48,46,45,47,46,234,FRONTINO
2015,05306,48,48,47,48,46,240,GIRALDO
2015,05308,51,52,50,51,52,257,GIRARDOTA
2015,05310,49,51,48,48,48,248,GÓMEZ PLATA
2015,05313,51,53,52,52,49,261,GRANADA
2015,05315,45,46,45,45,45,228,GUADALUPE
2015,05318,51,52,51,52,50,257,GUARNE
2015,05321,49,50,49,50,48,249,GUATAPÉ
2015,05347,47,47,46,48,45,237,HELICONIA
2015,05353,51,54,52,52,48,261,HISPANIA
2015,05360,51,50,49,50,51,253,ITAGÜÍ
2015,05361,44,43,43,43,45,219,ITUANGO
2015,05364,51,50,51,51,48,255,JARDÍN
2015,05368,50,50,49,51,49,251,JERICÓ
2015,05376,51,52,51,51,50,258,LA CEJA
2015,05380,53,53,52,53,57,269,LA ESTRELLA
2015,05390,47,45,45,45,45,229,LA PINTADA
2015,05400,49,50,48,49,48,248,LA UNIÓN
2015,05411,44,42,43,43,44,218,LIBORINA
2015,05425,45,44,43,43,45,221,MACEO
2015,05440,51,53,51,51,51,260,MARINILLA
2015,05467,45,45,46,45,46,229,MONTEBELLO
2015,05475,45,40,41,42,47,214,MURINDÓ
2015,05480,44,44,44,44,44,221,MUTATÁ
2015,05483,44,41,44,44,44,219,NARIÑO
2015,05490,43,43,43,42,44,216,NECOCLÍ
2015,05495,44,43,42,43,44,218,NECHÍ
2015,05501,47,43,44,45,46,226,OLAYA
2015,05541,49,51,48,49,48,248,PEÑOL
2015,05543,44,43,42,46,46,223,PEQUE
2015,05576,48,48,48,49,48,242,PUEBLORRICO
2015,05579,45,43,42,42,45,218,PUERTO BERRÍO
2015,05585,46,46,46,46,47,234,PUERTO NARE
2015,05591,50,49,48,49,48,245,PUERTO TRIUNFO
2015,05604,46,44,43,44,45,222,REMEDIOS
2015,05607,55,60,57,56,64,291,RETIRO
2015,05615,50,51,50,50,52,253,RIONEGRO
2015,05628,43,44,42,41,45,214,SABANALARGA
2015,05631,55,57,56,57,59,285,SABANETA
2015,05642,46,46,45,45,45,230,SALGAR
2015,05647,45,44,45,47,44,227,SAN ANDRÉS DE CUERQUÍA
2015,05649,48,46,46,46,46,234,SAN CARLOS
2015,05652,49,49,48,50,47,244,SAN FRANCISCO
2015,05656,46,45,44,44,45,226,SAN JERÓNIMO
2015,05658,53,50,52,55,48,263,SAN JOSÉ DE LA MONTAÑA
2015,05659,43,42,42,42,44,214,SAN JUAN DE URABÁ
2015,05660,46,44,44,44,45,225,SAN LUIS
2015,05664,49,49,49,49,47,246,SAN PEDRO DE LOS MILAGROS
2015,05665,45,44,45,44,45,225,SAN PEDRO DE URABÁ
2015,05667,47,47,46,46,47,234,SAN RAFAEL
2015,05670,47,45,45,45,45,228,SAN ROQUE
2015,05674,48,49,47,48,48,242,SAN VICENTE FERRER
2015,05679,48,48,48,49,47,243,SANTA BÁRBARA
2015,05686,50,50,49,51,48,251,SANTA ROSA DE OSOS
2015,05690,46,44,45,44,45,226,SANTO DOMINGO
2015,05697,49,49,48,49,48,245,EL SANTUARIO
2015,05736,45,43,43,45,46,223,SEGOVIA
2015,05756,48,47,47,48,47,239,SONSÓN
2015,05761,44,44,43,44,45,223,SOPETRÁN
2015,05789,48,48,48,48,46,241,TÁMESIS
2015,05790,46,44,44,44,45,223,TARAZÁ
2015,05792,47,46,48,48,47,238,TARSO
2015,05809,49,48,46,48,46,239,TITIRIBÍ
2015,05819,46,44,44,47,46,228,TOLEDO
2015,05837,45,43,44,44,45,222,TURBO
2015,05842,47,46,45,46,44,231,URAMITA
2015,05847,46,45,45,45,45,228,URRAO
2015,05854,46,45,45,46,45,229,VALDIVIA
2015,05856,47,47,46,47,45,234,VALPARAÍSO
2015,05858,46,44,44,46,45,228,VEGACHÍ
2015,05861,46,45,45,45,47,229,VENECIA
2015,05873,40,41,41,41,44,208,VIGÍA DEL FUERTE
2015,05885,46,43,43,45,44,223,YALÍ
2015,05887,47,46,46,47,46,235,YARUMAL
2015,05890,44,42,42,42,44,215,YOLOMBÓ
2015,05893,45,44,46,44,45,226,YONDÓ
2015,05895,44,42,43,43,44,216,ZARAGOZA
2016,05001,54,51,52,52,53,263,MEDELLÍN
2016,05002,53,50,53,51,50,260,ABEJORRAL
2016,05004,51,48,50,48,50,249,ABRIAQUÍ
2016,05021,51,49,51,50,47,253,ALEJANDRÍA
2016,05030,51,47,50,49,49,248,AMAGÁ
2016,05031,48,46,47,46,46,236,AMALFI
2016,05034,52,49,51,50,48,253,ANDES
2016,05036,51,48,49,48,49,248,ANGELÓPOLIS
2016,05038,46,44,45,43,42,224,ANGOSTURA
2016,05040,45,40,44,43,43,217,ANORÍ
2016,05042,49,46,47,46,47,238,SANTA FÉ DE ANTIOQUIA
2016,05044,51,50,51,50,49,254,ANZÁ
2016,05045,51,47,49,48,48,245,APARTADÓ
2016,05051,45,42,45,43,44,220,ARBOLETES
2016,05055,48,44,48,46,45,234,ARGELIA
2016,05059,52,50,49,50,48,251,ARMENIA
2016,05079,51,48,48,48,48,245,BARBOSA
2016,05086,48,45,49,46,45,235,BELMIRA
2016,05088,53,50,51,50,52,257,BELLO
2016,05091,51,47,49,48,51,245,BETANIA
2016,05093,47,42,45,44,44,225,BETULIA
2016,05101,54,51,52,51,50,262,CIUDAD BOLÍVAR
2016,05107,46,46,49,46,45,235,BRICEÑO
2016,05113,46,42,46,45,45,225,BURITICÁ
2016,05120,48,46,47,47,46,237,CÁCERES
2016,05125,47,43,47,45,41,228,CAICEDO
2016,05129,53,50,52,50,52,258,CALDAS
2016,05134,52,45,49,48,46,243,CAMPAMENTO
2016,05138,48,45,47,46,43,232,CAÑASGORDAS
2016,05142,51,46,49,48,48,243,CARACOLÍ
2016,05145,49,45,50,48,43,239,CARAMANTA
2016,05147,52,50,49,49,48,251,CAREPA
2016,05148,56,54,54,54,54,274,EL CARMEN DE VIBORAL
2016,05150,50,45,49,48,45,241,CAROLINA
2016,05154,51,49,50,48,48,249,CAUCASIA
2016,05172,49,47,48,46,47,239,CHIGORODÓ
2016,05190,49,46,48,47,47,240,CISNEROS
2016,05197,52,51,52,48,53,256,COCORNÁ
2016,05206,53,51,50,49,51,256,CONCEPCIÓN
2016,05209,49,46,47,46,46,237,CONCORDIA
2016,05212,56,54,55,54,56,275,COPACABANA
2016,05234,46,43,46,45,45,227,DABEIBA
2016,05237,54,53,53,53,52,268,DONMATÍAS
2016,05240,51,47,48,48,46,242,EBÉJICO
2016,05250,47,43,43,44,44,223,EL BAGRE
2016,05264,54,54,54,54,52,270,ENTRERRÍOS
2016,05266,57,57,57,57,62,289,ENVIGADO
2016,05282,51,47,49,48,48,245,FREDONIA
2016,05284,52,49,50,49,48,251,FRONTINO
2016,05306,49,45,48,49,46,239,GIRALDO
2016,05308,55,54,54,54,55,273,GIRARDOTA
2016,05310,54,53,51,50,51,262,GÓMEZ PLATA
2016,05313,54,54,52,50,51,264,GRANADA
2016,05315,54,49,48,50,49,253,GUADALUPE
2016,05318,54,54,54,53,53,270,GUARNE
2016,05321,53,52,52,51,52,263,GUATAPÉ
2016,05347,47,44,47,45,45,231,HELICONIA
2016,05353,54,53,53,52,50,265,HISPANIA
2016,05360,54,51,52,51,53,263,ITAGÜÍ
2016,05361,46,41,44,43,43,219,ITUANGO
2016,05364,53,51,54,52,49,263,JARDÍN
2016,05368,55,53,55,53,52,271,JERICÓ
2016,05376,54,53,54,52,53,269,LA CEJA
2016,05380,57,55,55,56,59,282,LA ESTRELLA
2016,05390,46,43,46,44,44,225,LA PINTADA
2016,05400,52,51,52,50,51,258,LA UNIÓN
2016,05411,47,43,46,44,43,227,LIBORINA
2016,05425,51,48,49,48,48,249,MACEO
2016,05440,55,54,54,53,55,273,MARINILLA
2016,05467,52,50,51,50,48,256,MONTEBELLO
2016,05475,42,41,44,40,41,211,MURINDÓ
2016,05480,46,43,45,44,43,224,MUTATÁ
2016,05483,48,43,47,44,42,229,NARIÑO
2016,05490,45,42,44,43,43,219,NECOCLÍ
2016,05495,47,43,44,43,44,224,NECHÍ
2016,05501,48,44,44,43,44,225,OLAYA
2016,05541,53,53,52,52,52,265,PEÑOL
2016,05543,47,41,45,46,45,225,PEQUE
2016,05576,53,51,53,52,52,262,PUEBLORRICO
2016,05579,48,44,45,44,44,227,PUERTO BERRÍO
2016,05585,47,45,48,45,46,233,PUERTO NARE
2016,05591,52,51,53,50,50,259,PUERTO TRIUNFO
2016,05604,47,44,45,43,44,226,REMEDIOS
2016,05607,56,57,56,55,62,284,RETIRO
2016,05615,54,52,53,52,54,266,RIONEGRO
2016,05628,46,42,45,44,44,224,SABANALARGA
2016,05631,57,56,57,57,59,286,SABANETA
2016,05642,51,48,51,48,47,249,SALGAR
2016,05647,49,46,49,47,45,239,SAN ANDRÉS DE CUERQUÍA
2016,05649,49,45,48,47,47,238,SAN CARLOS
2016,05652,54,55,54,55,51,273,SAN FRANCISCO
2016,05656,49,45,48,46,46,237,SAN JERÓNIMO
2016,05658,52,49,50,50,50,253,SAN JOSÉ DE LA MONTAÑA
2016,05659,47,43,45,44,44,225,SAN JUAN DE URABÁ
2016,05660,49,46,48,46,47,237,SAN LUIS
2016,05664,51,48,50,48,48,247,SAN PEDRO DE LOS MILAGROS
2016,05665,47,44,46,45,45,231,SAN PEDRO DE URABÁ
2016,05667,50,48,49,47,51,247,SAN RAFAEL
2016,05670,48,46,47,46,44,234,SAN ROQUE
2016,05674,54,53,53,52,52,267,SAN VICENTE FERRER
2016,05679,53,51,51,51,49,259,SANTA BÁRBARA
2016,05686,53,51,52,51,51,260,SANTA ROSA DE OSOS
2016,05690,48,45,48,45,45,235,SANTO DOMINGO
2016,05697,53,51,52,51,51,260,EL SANTUARIO
2016,05736,49,44,45,46,45,232,SEGOVIA
2016,05756,51,48,50,49,49,250,SONSÓN
2016,05761,48,46,48,47,46,237,SOPETRÁN
2016,05789,48,45,48,46,47,237,TÁMESIS
2016,05790,47,43,46,44,45,228,TARAZÁ
2016,05792,45,41,44,43,45,219,TARSO
2016,05809,51,47,50,50,47,248,TITIRIBÍ
2016,05819,45,43,46,45,44,225,TOLEDO
2016,05837,47,43,46,44,44,226,TURBO
2016,05842,49,46,46,45,43,233,URAMITA
2016,05847,51,49,49,48,46,247,URRAO
2016,05854,48,46,48,46,46,237,VALDIVIA
2016,05856,50,49,48,46,48,242,VALPARAÍSO
2016,05858,46,43,45,44,43,224,VEGACHÍ
2016,05861,51,48,48,47,48,243,VENECIA
2016,05873,43,39,42,41,45,209,VIGÍA DEL FUERTE
2016,05885,48,44,46,45,45,231,YALÍ
2016,05887,53,50,51,51,49,257,YARUMAL
2016,05890,47,43,44,44,43,224,YOLOMBÓ
2016,05893,49,47,49,47,46,241,YONDÓ
2016,05895,44,40,42,41,41,210,ZARAGOZA
2017,05001,54,50,50,51,50,259,MEDELLÍN
2017,05002,52,49,50,49,46,251,ABEJORRAL
2017,05004,52,47,50,45,46,243,ABRIAQUÍ
2017,05021,52,48,49,50,43,249,ALEJANDRÍA
2017,05030,50,46,47,47,45,239,AMAGÁ
2017,05031,50,46,46,46,44,236,AMALFI
2017,05034,51,47,49,48,45,245,ANDES
2017,05036,50,43,46,46,43,232,ANGELÓPOLIS
2017,05038,45,41,44,42,40,216,ANGOSTURA
2017,05040,48,42,45,44,41,225,ANORÍ
2017,05042,52,48,49,50,46,249,SANTA FÉ DE ANTIOQUIA
2017,05044,49,46,48,46,43,238,ANZÁ
2017,05045,51,47,47,48,46,242,APARTADÓ
2017,05051,46,42,45,43,42,220,ARBOLETES
2017,05055,49,43,45,47,42,231,ARGELIA
2017,05059,54,51,52,53,52,264,ARMENIA
2017,05079,51,46,47,47,45,241,BARBOSA
2017,05086,50,45,47,47,44,237,BELMIRA
2017,05088,53,49,49,49,49,251,BELLO
2017,05091,52,49,49,51,48,252,BETANIA
2017,05093,48,42,45,45,41,226,BETULIA
2017,05101,53,47,49,51,47,251,CIUDAD BOLÍVAR
2017,05107,46,41,44,43,41,219,BRICEÑO
2017,05113,48,44,47,47,43,232,BURITICÁ
2017,05120,51,47,48,48,44,241,CÁCERES
2017,05125,46,40,45,44,40,218,CAICEDO
2017,05129,54,50,51,51,49,258,CALDAS
2017,05134,49,44,46,47,43,233,CAMPAMENTO
2017,05138,47,41,44,44,40,221,CAÑASGORDAS
2017,05142,47,42,44,44,42,222,CARACOLÍ
2017,05145,49,44,46,47,41,232,CARAMANTA
2017,05147,51,48,48,48,46,244,CAREPA
2017,05148,55,53,52,52,50,266,EL CARMEN DE VIBORAL
2017,05150,55,52,52,52,46,264,CAROLINA
2017,05154,52,49,50,49,47,251,CAUCASIA
2017,05172,50,45,46,47,44,237,CHIGORODÓ
2017,05190,49,46,46,47,46,237,CISNEROS
2017,05197,53,52,51,49,49,258,COCORNÁ
2017,05206,48,40,43,43,42,220,CONCEPCIÓN
2017,05209,48,43,44,44,42,225,CONCORDIA
2017,05212,56,53,53,53,52,269,COPACABANA
2017,05234,47,42,43,44,42,222,DABEIBA
2017,05237,55,53,54,53,51,270,DONMATÍAS
2017,05240,49,45,46,47,43,235,EBÉJICO
2017,05250,48,44,46,45,42,229,EL BAGRE
2017,05264,55,52,53,53,52,268,ENTRERRÍOS
2017,05266,58,57,56,56,60,286,ENVIGADO
2017,05282,48,43,45,45,44,227,FREDONIA
2017,05284,53,48,49,50,45,250,FRONTINO
2017,05306,49,43,46,47,44,233,GIRALDO
2017,05308,55,52,52,52,51,265,GIRARDOTA
2017,05310,53,50,51,50,48,256,GÓMEZ PLATA
2017,05313,53,50,50,49,46,254,GRANADA
2017,05315,49,45,48,47,46,238,GUADALUPE
2017,05318,54,52,53,51,50,264,GUARNE
2017,05321,52,49,48,49,48,248,GUATAPÉ
2017,05347,50,43,46,46,45,233,HELICONIA
2017,05353,55,55,54,53,48,271,HISPANIA
2017,05360,54,50,50,51,50,258,ITAGÜÍ
2017,05361,45,39,43,43,40,214,ITUANGO
2017,05364,55,52,54,53,48,266,JARDÍN
2017,05368,53,50,51,50,48,256,JERICÓ
2017,05376,55,54,53,52,51,268,LA CEJA
2017,05380,58,55,55,56,57,282,LA ESTRELLA
2017,05390,48,44,46,43,43,227,LA PINTADA
2017,05400,50,46,48,47,46,240,LA UNIÓN
2017,05411,48,44,45,45,41,226,LIBORINA
2017,05425,50,45,46,45,43,233,MACEO
2017,05440,54,52,52,52,51,265,MARINILLA
2017,05467,50,45,49,48,44,240,MONTEBELLO
2017,05475,43,34,38,38,39,195,MURINDÓ
2017,05480,46,43,43,43,41,220,MUTATÁ
2017,05483,46,40,44,43,40,217,NARIÑO
2017,05490,46,41,44,43,41,218,NECOCLÍ
2017,05495,49,42,47,45,42,229,NECHÍ
2017,05501,50,44,45,46,42,232,OLAYA
2017,05541,50,47,48,48,45,243,PEÑOL
2017,05543,48,41,45,45,42,225,PEQUE
2017,05576,51,46,50,50,47,248,PUEBLORRICO
2017,05579,49,44,45,46,44,230,PUERTO BERRÍO
2017,05585,49,44,46,45,43,230,PUERTO NARE
2017,05591,53,52,52,51,48,260,PUERTO TRIUNFO
2017,05604,48,42,44,45,42,225,REMEDIOS
2017,05607,57,56,56,55,59,283,RETIRO
2017,05615,54,52,51,51,52,263,RIONEGRO
2017,05628,44,38,42,41,40,208,SABANALARGA
2017,05631,58,56,55,56,57,283,SABANETA
2017,05642,52,49,50,51,46,252,SALGAR
2017,05647,48,43,45,45,41,225,SAN ANDRÉS DE CUERQUÍA
2017,05649,52,46,48,48,45,242,SAN CARLOS
2017,05652,49,49,50,48,46,247,SAN FRANCISCO
2017,05656,49,44,47,46,43,232,SAN JERÓNIMO
2017,05658,49,44,47,45,45,232,SAN JOSÉ DE LA MONTAÑA
2017,05659,47,42,44,44,41,222,SAN JUAN DE URABÁ
2017,05660,51,46,49,48,45,242,SAN LUIS
2017,05664,51,46,48,47,44,241,SAN PEDRO DE LOS MILAGROS
2017,05665,48,44,46,45,42,229,SAN PEDRO DE URABÁ
2017,05667,50,45,47,46,45,237,SAN RAFAEL
2017,05670,49,44,45,45,42,230,SAN ROQUE
2017,05674,52,49,49,49,48,250,SAN VICENTE FERRER
2017,05679,52,48,48,48,45,246,SANTA BÁRBARA
2017,05686,52,49,50,50,47,252,SANTA ROSA DE OSOS
2017,05690,48,43,47,45,44,231,SANTO DOMINGO
2017,05697,52,47,49,48,47,246,EL SANTUARIO
2017,05736,48,41,44,46,42,224,SEGOVIA
2017,05756,50,46,48,48,45,241,SONSÓN
2017,05761,49,44,45,46,43,231,SOPETRÁN
2017,05789,50,45,47,48,44,238,TÁMESIS
2017,05790,46,41,44,44,41,220,TARAZÁ
2017,05792,50,47,48,47,44,241,TARSO
2017,05809,53,48,49,49,45,249,TITIRIBÍ
2017,05819,46,39,44,44,41,218,TOLEDO
2017,05837,47,42,44,44,42,222,TURBO
2017,05842,48,43,45,45,41,227,URAMITA
2017,05847,51,47,47,48,44,242,URRAO
2017,05854,49,44,47,48,44,237,VALDIVIA
2017,05856,52,48,50,50,46,251,VALPARAÍSO
2017,05858,48,42,43,44,42,222,VEGACHÍ
2017,05861,50,46,46,46,43,235,VENECIA
2017,05873,41,37,39,37,42,195,VIGÍA DEL FUERTE
2017,05885,48,45,45,45,43,231,YALÍ
2017,05887,52,49,49,50,46,251,YARUMAL
2017,05890,48,43,44,45,42,224,YOLOMBÓ
2017,05893,52,49,50,48,48,250,YONDÓ
2017,05895,44,39,41,41,39,207,ZARAGOZA
2018,05001,54,50,49,49,52,255,MEDELLÍN
2018,05002,51,49,49,48,48,247,ABEJORRAL
2018,05004,48,45,43,44,44,226,ABRIAQUÍ
2018,05021,53,49,48,47,46,247,ALEJANDRÍA
2018,05030,51,45,45,45,45,234,AMAGÁ
2018,05031,48,44,43,43,44,224,AMALFI
2018,05034,50,47,46,46,46,238,ANDES
2018,05036,51,46,46,46,45,237,ANGELÓPOLIS
2018,05038,44,39,40,39,40,205,ANGOSTURA
2018,05040,45,40,40,39,39,207,ANORÍ
2018,05042,50,45,45,45,46,232,SANTA FÉ DE ANTIOQUIA
2018,05044,50,46,45,45,44,233,ANZÁ
2018,05045,49,45,44,44,46,231,APARTADÓ
2018,05051,46,42,43,42,43,218,ARBOLETES
2018,05055,48,43,42,43,43,222,ARGELIA
2018,05059,53,51,48,49,51,253,ARMENIA
2018,05079,50,46,46,46,46,237,BARBOSA
2018,05086,49,48,47,45,46,237,BELMIRA
2018,05088,53,48,48,48,50,249,BELLO
2018,05091,50,46,44,45,45,233,BETANIA
2018,05093,47,42,42,42,41,216,BETULIA
2018,05101,52,47,47,47,46,242,CIUDAD BOLÍVAR
2018,05107,48,45,44,46,42,229,BRICEÑO
2018,05113,48,43,42,43,43,222,BURITICÁ
2018,05120,47,43,43,43,43,221,CÁCERES
2018,05125,46,41,42,42,41,215,CAICEDO
2018,05129,54,51,50,49,52,257,CALDAS
2018,05134,48,43,44,44,42,224,CAMPAMENTO
2018,05138,47,41,42,42,41,217,CAÑASGORDAS
2018,05142,48,44,44,43,43,227,CARACOLÍ
2018,05145,50,46,46,46,43,236,CARAMANTA
2018,05147,49,46,45,44,46,232,CAREPA
2018,05148,55,53,51,50,52,264,EL CARMEN DE VIBORAL
2018,05150,54,52,51,49,47,257,CAROLINA
2018,05154,52,49,48,47,47,247,CAUCASIA
2018,05172,49,46,44,43,44,228,CHIGORODÓ
2018,05190,50,47,44,44,46,233,CISNEROS
2018,05197,50,48,46,45,47,238,COCORNÁ
2018,05206,46,42,41,41,41,213,CONCEPCIÓN
2018,05209,47,43,42,43,41,220,CONCORDIA
2018,05212,55,52,51,50,54,262,COPACABANA
2018,05234,45,41,41,41,41,212,DABEIBA
2018,05237,53,51,49,50,51,256,DONMATÍAS
2018,05240,49,46,44,43,43,227,EBÉJICO
2018,05250,47,43,43,43,43,222,EL BAGRE
2018,05264,53,52,51,51,48,259,ENTRERRÍOS
2018,05266,58,56,55,55,61,284,ENVIGADO
2018,05282,48,43,42,44,45,224,FREDONIA
2018,05284,50,46,46,45,45,236,FRONTINO
2018,05306,48,41,43,42,42,219,GIRALDO
2018,05308,55,52,50,51,53,262,GIRARDOTA
2018,05310,49,46,45,44,44,232,GÓMEZ PLATA
2018,05313,55,54,50,51,50,263,GRANADA
2018,05315,48,42,44,41,45,221,GUADALUPE
2018,05318,55,54,52,50,53,265,GUARNE
2018,05321,51,47,47,47,49,244,GUATAPÉ
2018,05347,50,43,43,46,44,228,HELICONIA
2018,05353,53,49,49,49,52,252,HISPANIA
2018,05360,54,49,49,49,52,253,ITAGÜÍ
2018,05361,46,40,41,41,41,212,ITUANGO
2018,05364,54,51,51,50,47,258,JARDÍN
2018,05368,54,50,48,49,51,253,JERICÓ
2018,05376,54,54,52,50,53,265,LA CEJA
2018,05380,58,54,53,54,59,277,LA ESTRELLA
2018,05390,49,42,45,42,44,225,LA PINTADA
2018,05400,51,48,48,47,47,244,LA UNIÓN
2018,05411,48,43,41,42,40,218,LIBORINA
2018,05425,48,43,43,43,44,224,MACEO
2018,05440,55,52,51,50,53,262,MARINILLA
2018,05467,51,47,48,46,46,240,MONTEBELLO
2018,05475,44,44,41,42,44,217,MURINDÓ
2018,05480,46,42,41,41,41,213,MUTATÁ
2018,05483,47,42,43,42,41,217,NARIÑO
2018,05490,45,41,41,40,41,212,NECOCLÍ
2018,05495,46,40,42,42,41,215,NECHÍ
2018,05501,47,44,41,43,43,220,OLAYA
2018,05541,50,48,45,45,47,235,PEÑOL
2018,05543,46,40,41,43,42,215,PEQUE
2018,05576,49,45,46,45,46,234,PUEBLORRICO
2018,05579,47,42,42,42,42,216,PUERTO BERRÍO
2018,05585,48,43,42,41,44,219,PUERTO NARE
2018,05591,51,49,48,47,47,244,PUERTO TRIUNFO
2018,05604,47,43,41,41,42,217,REMEDIOS
2018,05607,57,55,54,54,59,278,RETIRO
2018,05615,54,51,50,50,54,260,RIONEGRO
2018,05628,51,51,48,49,48,250,SABANALARGA
2018,05631,57,54,54,54,57,276,SABANETA
2018,05642,51,47,46,45,44,236,SALGAR
2018,05647,46,41,42,42,41,215,SAN ANDRÉS DE CUERQUÍA
2018,05649,50,46,44,44,46,233,SAN CARLOS
2018,05652,52,51,50,47,47,250,SAN FRANCISCO
2018,05656,50,47,47,47,45,238,SAN JERÓNIMO
2018,05658,47,44,43,41,43,220,SAN JOSÉ DE LA MONTAÑA
2018,05659,46,42,42,42,42,216,SAN JUAN DE URABÁ
2018,05660,52,49,47,48,47,245,SAN LUIS
2018,05664,51,48,47,46,46,242,SAN PEDRO DE LOS MILAGROS
2018,05665,47,44,43,42,43,221,SAN PEDRO DE URABÁ
2018,05667,50,46,46,45,47,236,SAN RAFAEL
2018,05670,48,42,43,42,42,220,SAN ROQUE
2018,05674,52,50,48,47,50,249,SAN VICENTE FERRER
2018,05679,50,48,46,45,46,238,SANTA BÁRBARA
2018,05686,53,50,49,49,49,251,SANTA ROSA DE OSOS
2018,05690,49,44,45,43,44,228,SANTO DOMINGO
2018,05697,51,47,45,45,47,237,EL SANTUARIO
2018,05736,47,40,40,41,42,212,SEGOVIA
2018,05756,49,46,45,45,45,233,SONSÓN
2018,05761,49,46,44,45,44,231,SOPETRÁN
2018,05789,49,43,43,43,44,225,TÁMESIS
2018,05790,46,41,41,41,42,213,TARAZÁ
2018,05792,49,47,46,45,46,235,TARSO
2018,05809,54,49,49,50,47,254,TITIRIBÍ
2018,05819,43,37,41,39,39,202,TOLEDO
2018,05837,46,42,41,41,41,214,TURBO
2018,05842,47,41,41,43,39,216,URAMITA
2018,05847,48,44,43,43,43,225,URRAO
2018,05854,49,45,44,44,42,228,VALDIVIA
2018,05856,48,46,44,44,44,230,VALPARAÍSO
2018,05858,47,43,42,42,42,219,VEGACHÍ
2018,05861,50,44,43,43,45,226,VENECIA
2018,05873,39,38,37,35,37,188,VIGÍA DEL FUERTE
2018,05885,52,47,44,45,45,235,YALÍ
2018,05887,52,48,47,47,45,243,YARUMAL
2018,05890,47,42,41,41,41,215,YOLOMBÓ
2018,05893,50,47,47,44,46,236,YONDÓ
2018,05895,43,39,39,39,39,201,ZARAGOZA
2019,05001,53,50,47,47,49,248,MEDELLÍN
2019,05002,49,48,46,44,44,235,ABEJORRAL
2019,05004,50,47,44,46,45,236,ABRIAQUÍ
2019,05021,49,46,44,45,42,231,ALEJANDRÍA
2019,05030,49,45,43,43,43,227,AMAGÁ
2019,05031,49,47,44,42,42,228,AMALFI
2019,05034,50,49,46,45,44,239,ANDES
2019,05036,47,45,40,39,38,213,ANGELÓPOLIS
2019,05038,45,42,41,40,38,209,ANGOSTURA
2019,05040,44,40,39,38,36,202,ANORÍ
2019,05042,49,46,44,43,42,228,SANTA FÉ DE ANTIOQUIA
2019,05044,48,46,43,43,40,225,ANZÁ
2019,05045,49,46,43,43,44,228,APARTADÓ
2019,05051,46,44,41,39,40,214,ARBOLETES
2019,05055,47,42,41,40,38,213,ARGELIA
2019,05059,53,52,46,47,46,248,ARMENIA
2019,05079,51,47,45,44,44,235,BARBOSA
2019,05086,46,45,43,40,41,218,BELMIRA
2019,05088,52,48,46,46,47,242,BELLO
2019,05091,49,47,43,44,43,230,BETANIA
2019,05093,45,42,40,39,37,207,BETULIA
2019,05101,50,47,44,44,41,230,CIUDAD BOLÍVAR
2019,05107,47,45,44,42,38,222,BRICEÑO
2019,05113,47,42,41,42,39,215,BURITICÁ
2019,05120,47,43,42,41,39,217,CÁCERES
2019,05125,48,45,43,44,37,225,CAICEDO
2019,05129,53,51,47,46,49,247,CALDAS
2019,05134,49,46,43,43,39,225,CAMPAMENTO
2019,05138,46,42,41,41,38,212,CAÑASGORDAS
2019,05142,48,44,43,40,40,219,CARACOLÍ
2019,05145,48,48,44,44,41,229,CARAMANTA
2019,05147,49,47,43,43,43,229,CAREPA
2019,05148,55,54,52,50,50,265,EL CARMEN DE VIBORAL
2019,05150,53,51,50,47,41,249,CAROLINA
2019,05154,52,49,48,45,46,244,CAUCASIA
2019,05172,48,45,43,41,40,222,CHIGORODÓ
2019,05190,47,45,41,41,41,219,CISNEROS
2019,05197,52,49,47,46,46,244,COCORNÁ
2019,05206,50,48,45,44,41,233,CONCEPCIÓN
2019,05209,47,43,42,41,39,217,CONCORDIA
2019,05212,54,52,49,49,51,258,COPACABANA
2019,05234,46,42,39,40,38,208,DABEIBA
2019,05237,52,52,49,48,49,252,DONMATÍAS
2019,05240,48,46,42,42,40,224,EBÉJICO
2019,05250,47,44,42,41,40,217,EL BAGRE
2019,05264,54,52,52,50,50,261,ENTRERRÍOS
2019,05266,58,57,54,53,61,282,ENVIGADO
2019,05282,48,44,42,42,42,222,FREDONIA
2019,05284,51,47,45,45,43,235,FRONTINO
2019,05306,49,43,43,43,39,221,GIRALDO
2019,05308,54,52,49,49,51,256,GIRARDOTA
2019,05310,51,48,46,43,43,236,GÓMEZ PLATA
2019,05313,50,51,46,44,42,239,GRANADA
2019,05315,48,46,46,43,42,229,GUADALUPE
2019,05318,55,55,51,49,52,265,GUARNE
2019,05321,51,50,46,44,49,241,GUATAPÉ
2019,05347,47,43,42,39,40,214,HELICONIA
2019,05353,54,51,50,51,52,260,HISPANIA
2019,05360,54,50,48,48,51,252,ITAGÜÍ
2019,05361,43,41,39,39,37,204,ITUANGO
2019,05364,54,51,49,48,44,253,JARDÍN
2019,05368,53,50,47,45,48,245,JERICÓ
2019,05376,54,55,51,49,51,263,LA CEJA
2019,05380,58,56,52,51,59,275,LA ESTRELLA
2019,05390,46,45,45,38,41,218,LA PINTADA
2019,05400,51,51,48,44,46,243,LA UNIÓN
2019,05411,45,41,40,38,36,203,LIBORINA
2019,05425,47,45,42,42,39,220,MACEO
2019,05440,53,53,49,47,51,254,MARINILLA
2019,05467,47,46,44,41,41,222,MONTEBELLO
2019,05475,40,35,37,35,35,185,MURINDÓ
2019,05480,46,43,41,39,37,210,MUTATÁ
2019,05483,45,42,41,40,38,210,NARIÑO
2019,05490,44,40,39,37,36,200,NECOCLÍ
2019,05495,44,40,39,37,36,201,NECHÍ
2019,05501,51,48,43,44,40,232,OLAYA
2019,05541,51,50,46,45,47,241,PEÑOL
2019,05543,47,42,39,41,38,211,PEQUE
2019,05576,47,43,43,41,41,218,PUEBLORRICO
2019,05579,47,44,40,40,39,215,PUERTO BERRÍO
2019,05585,48,46,44,41,42,224,PUERTO NARE
2019,05591,52,51,47,45,47,245,PUERTO TRIUNFO
2019,05604,46,42,38,38,36,205,REMEDIOS
2019,05607,58,57,54,53,59,281,RETIRO
2019,05615,53,52,49,47,51,254,RIONEGRO
2019,05628,46,46,44,41,43,222,SABANALARGA
2019,05631,56,54,52,51,56,270,SABANETA
2019,05642,50,45,43,43,42,227,SALGAR
2019,05647,48,45,43,41,40,221,SAN ANDRÉS DE CUERQUÍA
2019,05649,49,47,43,42,42,228,SAN CARLOS
2019,05652,49,47,46,44,47,235,SAN FRANCISCO
2019,05656,48,45,43,41,40,222,SAN JERÓNIMO
2019,05658,46,42,43,38,38,212,SAN JOSÉ DE LA MONTAÑA
2019,05659,47,44,41,40,38,215,SAN JUAN DE URABÁ
2019,05660,51,49,45,45,44,239,SAN LUIS
2019,05664,51,49,46,45,45,240,SAN PEDRO DE LOS MILAGROS
2019,05665,46,44,41,40,39,215,SAN PEDRO DE URABÁ
2019,05667,49,47,45,43,44,231,SAN RAFAEL
2019,05670,48,45,43,41,39,221,SAN ROQUE
2019,05674,51,50,47,45,47,242,SAN VICENTE FERRER
2019,05679,51,48,46,45,44,238,SANTA BÁRBARA
2019,05686,54,51,48,47,48,250,SANTA ROSA DE OSOS
2019,05690,48,45,43,42,40,223,SANTO DOMINGO
2019,05697,50,48,44,44,44,234,EL SANTUARIO
2019,05736,47,42,39,40,39,211,SEGOVIA
2019,05756,50,48,45,43,43,234,SONSÓN
2019,05761,47,44,41,41,40,216,SOPETRÁN
2019,05789,48,45,43,43,42,225,TÁMESIS
2019,05790,46,42,40,39,38,210,TARAZÁ
2019,05792,48,47,45,43,43,229,TARSO
2019,05809,50,48,44,43,45,234,TITIRIBÍ
2019,05819,49,47,44,44,42,230,TOLEDO
2019,05837,46,42,39,38,38,206,TURBO
2019,05842,48,44,41,42,38,219,URAMITA
2019,05847,48,46,43,42,39,223,URRAO
2019,05854,48,44,43,41,41,220,VALDIVIA
2019,05856,50,48,46,44,43,235,VALPARAÍSO
2019,05858,47,43,41,40,40,215,VEGACHÍ
2019,05861,48,45,44,42,42,225,VENECIA
2019,05873,40,39,37,34,37,190,VIGÍA DEL FUERTE
2019,05885,47,43,41,39,38,212,YALÍ
2019,05887,51,48,45,45,43,237,YARUMAL
2019,05890,46,43,40,38,36,209,YOLOMBÓ
2019,05893,47,47,44,41,41,224,YONDÓ
2019,05895,43,40,37,37,36,197,ZARAGOZA
2020,05001,53,50,47,49,47,249,MEDELLÍN
2020,05002,50,48,47,47,44,242,ABEJORRAL
2020,05004,46,47,41,41,43,221,ABRIAQUÍ
2020,05021,47,46,44,45,41,228,ALEJANDRÍA
2020,05030,51,48,45,46,43,238,AMAGÁ
2020,05031,49,49,43,43,41,229,AMALFI
2020,05034,50,49,46,47,42,239,ANDES
2020,05036,47,44,43,44,40,222,ANGELÓPOLIS
2020,05038,42,39,39,38,38,200,ANGOSTURA
2020,05040,43,40,39,39,38,202,ANORÍ
2020,05042,49,47,44,46,42,233,SANTA FÉ DE ANTIOQUIA
2020,05044,46,44,42,43,41,220,ANZÁ
2020,05045,49,47,44,45,44,232,APARTADÓ
2020,05051,44,42,41,40,39,210,ARBOLETES
2020,05055,47,44,43,43,38,220,ARGELIA
2020,05059,53,52,45,48,45,248,ARMENIA
2020,05079,51,48,46,47,43,239,BARBOSA
2020,05086,49,46,44,43,40,228,BELMIRA
2020,05088,53,50,47,49,47,249,BELLO
2020,05091,49,48,45,46,42,234,BETANIA
2020,05093,45,42,40,41,39,212,BETULIA
2020,05101,50,48,44,46,43,235,CIUDAD BOLÍVAR
2020,05107,49,48,44,47,43,235,BRICEÑO
2020,05113,48,47,42,44,40,226,BURITICÁ
2020,05120,45,43,41,42,40,215,CÁCERES
2020,05125,43,41,40,40,38,206,CAICEDO
2020,05129,53,51,47,48,47,250,CALDAS
2020,05134,47,44,42,42,40,219,CAMPAMENTO
2020,05138,48,44,42,43,40,222,CAÑASGORDAS
2020,05142,48,47,45,43,43,229,CARACOLÍ
2020,05145,47,45,42,44,39,224,CARAMANTA
2020,05147,49,48,44,44,42,232,CAREPA
2020,05148,55,54,51,52,48,266,EL CARMEN DE VIBORAL
2020,05150,53,51,46,47,41,245,CAROLINA
2020,05154,50,49,45,45,44,237,CAUCASIA
2020,05172,49,47,44,44,42,230,CHIGORODÓ
2020,05190,53,52,47,48,42,249,CISNEROS
2020,05197,49,46,44,46,42,232,COCORNÁ
2020,05206,48,47,44,45,40,230,CONCEPCIÓN
2020,05209,46,44,40,41,40,215,CONCORDIA
2020,05212,55,53,50,51,50,262,COPACABANA
2020,05234,44,42,40,40,38,209,DABEIBA
2020,05237,52,51,47,48,44,247,DONMATÍAS
2020,05240,47,45,42,42,41,220,EBÉJICO
2020,05250,46,43,40,41,40,214,EL BAGRE
2020,05264,51,50,47,47,45,244,ENTRERRÍOS
2020,05266,57,57,53,55,58,280,ENVIGADO
2020,05282,48,44,43,44,42,225,FREDONIA
2020,05284,51,48,45,46,43,239,FRONTINO
2020,05306,47,42,43,43,40,219,GIRALDO
2020,05308,54,52,49,51,49,258,GIRARDOTA
2020,05310,49,49,45,46,42,237,GÓMEZ PLATA
2020,05313,53,53,48,50,45,256,GRANADA
2020,05315,48,45,46,45,42,230,GUADALUPE
2020,05318,54,54,50,50,49,261,GUARNE
2020,05321,54,53,49,50,47,256,GUATAPÉ
2020,05347,52,46,45,48,42,239,HELICONIA
2020,05353,56,50,49,51,50,258,HISPANIA
2020,05360,54,50,49,50,49,255,ITAGÜÍ
2020,05361,45,42,41,41,39,213,ITUANGO
2020,05364,54,51,48,50,43,254,JARDÍN
2020,05368,52,50,48,49,46,249,JERICÓ
2020,05376,54,54,50,51,48,261,LA CEJA
2020,05380,56,55,51,53,55,272,LA ESTRELLA
2020,05390,47,45,44,43,42,225,LA PINTADA
2020,05400,52,52,48,48,46,250,LA UNIÓN
2020,05411,48,45,42,43,41,223,LIBORINA
2020,05425,50,49,46,46,43,239,MACEO
2020,05440,53,53,49,49,48,256,MARINILLA
2020,05467,48,45,44,45,41,228,MONTEBELLO
2020,05475,43,40,39,37,38,200,MURINDÓ
2020,05480,45,43,40,40,39,211,MUTATÁ
2020,05483,46,41,41,43,39,214,NARIÑO
2020,05490,44,42,39,39,39,206,NECOCLÍ
2020,05495,46,43,41,41,40,214,NECHÍ
2020,05501,46,44,41,42,37,215,OLAYA
2020,05541,49,49,46,46,45,239,PEÑOL
2020,05543,50,45,44,45,40,229,PEQUE
2020,05576,47,44,45,44,43,226,PUEBLORRICO
2020,05579,47,44,41,42,40,218,PUERTO BERRÍO
2020,05585,47,45,43,43,40,223,PUERTO NARE
2020,05591,52,52,46,49,45,250,PUERTO TRIUNFO
2020,05604,46,44,40,40,39,214,REMEDIOS
2020,05607,56,56,53,54,57,277,RETIRO
2020,05615,53,52,49,49,50,256,RIONEGRO
2020,05628,46,45,43,42,41,221,SABANALARGA
2020,05631,57,56,53,54,54,276,SABANETA
2020,05642,51,48,45,46,42,238,SALGAR
2020,05647,46,44,43,43,40,220,SAN ANDRÉS DE CUERQUÍA
2020,05649,50,47,45,46,42,235,SAN CARLOS
2020,05652,49,45,43,44,43,226,SAN FRANCISCO
2020,05656,48,46,44,43,41,226,SAN JERÓNIMO
2020,05658,51,47,45,47,43,239,SAN JOSÉ DE LA MONTAÑA
2020,05659,45,43,40,41,39,213,SAN JUAN DE URABÁ
2020,05660,49,47,45,45,43,232,SAN LUIS
2020,05664,50,47,45,45,42,234,SAN PEDRO DE LOS MILAGROS
2020,05665,46,44,41,41,39,215,SAN PEDRO DE URABÁ
2020,05667,50,48,46,45,43,236,SAN RAFAEL
2020,05670,48,46,43,44,41,226,SAN ROQUE
2020,05674,50,51,46,46,44,242,SAN VICENTE FERRER
2020,05679,50,48,44,44,42,232,SANTA BÁRBARA
2020,05686,53,51,49,49,47,253,SANTA ROSA DE OSOS
2020,05690,47,45,43,42,40,221,SANTO DOMINGO
2020,05697,51,48,45,46,44,239,EL SANTUARIO
2020,05736,47,43,41,42,41,217,SEGOVIA
2020,05756,49,47,45,45,42,232,SONSÓN
2020,05761,47,44,41,42,39,218,SOPETRÁN
2020,05789,49,47,45,46,43,233,TÁMESIS
2020,05790,45,43,41,41,39,213,TARAZÁ
2020,05792,51,49,45,47,42,238,TARSO
2020,05809,47,45,42,43,42,223,TITIRIBÍ
2020,05819,45,43,40,40,38,210,TOLEDO
2020,05837,45,42,40,40,39,210,TURBO
2020,05842,46,40,39,42,38,210,URAMITA
2020,05847,47,45,42,42,40,220,URRAO
2020,05854,46,42,42,40,40,214,VALDIVIA
2020,05856,52,44,43,44,40,230,VALPARAÍSO
2020,05858,48,44,41,43,39,220,VEGACHÍ
2020,05861,48,46,44,44,41,227,VENECIA
2020,05873,41,40,36,36,37,192,VIGÍA DEL FUERTE
2020,05885,50,45,42,45,40,226,YALÍ
2020,05887,50,48,44,45,43,235,YARUMAL
2020,05890,47,43,41,42,39,216,YOLOMBÓ
2020,05893,48,48,45,43,43,232,YONDÓ
2020,05895,43,40,38,38,38,200,ZARAGOZA
2021,05001,53,49,48,48,50,250,MEDELLÍN
2021,05002,52,49,48,46,45,244,ABEJORRAL
2021,05004,51,44,39,42,41,221,ABRIAQUÍ
2021,05021,49,46,46,45,44,234,ALEJANDRÍA
2021,05030,49,46,44,43,43,230,AMAGÁ
2021,05031,50,48,46,45,43,236,AMALFI
2021,05034,51,48,47,47,45,243,ANDES
2021,05036,42,43,42,38,40,208,ANGELÓPOLIS
2021,05038,44,42,41,39,38,209,ANGOSTURA
2021,05040,44,40,40,38,39,202,ANORÍ
2021,05042,49,46,44,43,42,228,SANTA FÉ DE ANTIOQUIA
2021,05044,50,47,45,45,40,234,ANZÁ
2021,05045,49,45,44,43,44,228,APARTADÓ
2021,05051,44,41,41,38,39,207,ARBOLETES
2021,05055,47,44,44,42,39,222,ARGELIA
2021,05059,57,54,52,49,52,267,ARMENIA
2021,05079,50,47,45,44,44,234,BARBOSA
2021,05086,48,44,44,42,42,224,BELMIRA
2021,05088,54,50,48,48,51,252,BELLO
2021,05091,48,44,44,42,40,222,BETANIA
2021,05093,46,42,42,41,39,215,BETULIA
2021,05101,52,49,47,46,45,243,CIUDAD BOLÍVAR
2021,05107,49,47,47,44,41,233,BRICEÑO
2021,05113,48,43,43,43,42,223,BURITICÁ
2021,05120,46,43,42,40,39,214,CÁCERES
2021,05125,45,41,42,41,38,211,CAICEDO
2021,05129,54,50,49,48,49,252,CALDAS
2021,05134,47,42,42,40,40,214,CAMPAMENTO
2021,05138,48,44,44,43,41,225,CAÑASGORDAS
2021,05142,50,48,45,43,43,233,CARACOLÍ
2021,05145,48,46,45,44,42,229,CARAMANTA
2021,05147,50,46,44,44,44,231,CAREPA
2021,05148,55,53,51,50,51,263,EL CARMEN DE VIBORAL
2021,05150,48,44,45,43,42,225,CAROLINA
2021,05154,51,48,46,44,44,238,CAUCASIA
2021,05172,48,45,43,42,42,224,CHIGORODÓ
2021,05190,50,50,45,45,44,239,CISNEROS
2021,05197,52,48,47,46,46,243,COCORNÁ
2021,05206,49,48,46,44,43,233,CONCEPCIÓN
2021,05209,47,43,43,41,40,218,CONCORDIA
2021,05212,56,52,50,50,53,262,COPACABANA
2021,05234,44,40,40,39,39,206,DABEIBA
2021,05237,53,51,50,49,48,254,DONMATÍAS
2021,05240,49,46,44,43,41,229,EBÉJICO
2021,05250,45,42,41,40,40,210,EL BAGRE
2021,05264,53,51,51,49,50,257,ENTRERRÍOS
2021,05266,59,56,54,54,64,284,ENVIGADO
2021,05282,49,44,44,44,44,227,FREDONIA
2021,05284,50,47,46,45,45,237,FRONTINO
2021,05306,49,46,46,44,41,232,GIRALDO
2021,05308,53,50,48,48,50,252,GIRARDOTA
2021,05310,51,48,45,45,44,237,GÓMEZ PLATA
2021,05313,50,50,47,46,46,243,GRANADA
2021,05315,48,46,46,42,42,228,GUADALUPE
2021,05318,55,53,51,49,52,262,GUARNE
2021,05321,54,51,49,49,51,256,GUATAPÉ
2021,05347,47,45,43,43,41,223,HELICONIA
2021,05353,53,51,48,48,52,253,HISPANIA
2021,05360,54,50,49,48,51,253,ITAGÜÍ
2021,05361,44,40,40,39,38,205,ITUANGO
2021,05364,54,49,49,49,46,253,JARDÍN
2021,05368,48,47,45,44,45,232,JERICÓ
2021,05376,54,53,51,49,51,260,LA CEJA
2021,05380,58,55,53,53,59,277,LA ESTRELLA
2021,05390,50,46,45,44,46,233,LA PINTADA
2021,05400,51,50,48,46,47,244,LA UNIÓN
2021,05411,48,43,43,42,40,220,LIBORINA
2021,05425,49,48,46,43,41,232,MACEO
2021,05440,55,52,50,49,53,261,MARINILLA
2021,05467,48,46,47,44,44,233,MONTEBELLO
2021,05475,39,35,35,34,36,180,MURINDÓ
2021,05480,46,40,40,39,39,207,MUTATÁ
2021,05483,46,43,44,43,40,221,NARIÑO
2021,05490,44,40,40,38,38,203,NECOCLÍ
2021,05495,46,42,41,40,39,212,NECHÍ
2021,05501,48,45,44,45,41,227,OLAYA
2021,05541,50,48,46,45,46,237,PEÑOL
2021,05543,48,43,42,44,41,223,PEQUE
2021,05576,48,45,44,43,45,226,PUEBLORRICO
2021,05579,47,43,42,42,41,219,PUERTO BERRÍO
2021,05585,47,44,43,40,42,219,PUERTO NARE
2021,05591,52,49,48,46,45,245,PUERTO TRIUNFO
2021,05604,47,43,41,40,39,215,REMEDIOS
2021,05607,56,55,52,52,61,274,RETIRO
2021,05615,54,51,49,48,52,254,RIONEGRO
2021,05628,48,47,45,42,42,228,SABANALARGA
2021,05631,58,55,53,53,58,277,SABANETA
2021,05642,50,46,44,42,41,228,SALGAR
2021,05647,49,46,45,45,42,231,SAN ANDRÉS DE CUERQUÍA
2021,05649,48,44,43,43,41,225,SAN CARLOS
2021,05652,48,47,45,43,43,230,SAN FRANCISCO
2021,05656,49,46,45,43,42,229,SAN JERÓNIMO
2021,05658,51,47,46,43,42,234,SAN JOSÉ DE LA MONTAÑA
2021,05659,46,42,42,40,40,213,SAN JUAN DE URABÁ
2021,05660,51,49,47,45,44,240,SAN LUIS
2021,05664,53,49,48,46,45,246,SAN PEDRO DE LOS MILAGROS
2021,05665,46,42,42,40,40,214,SAN PEDRO DE URABÁ
2021,05667,49,45,45,44,44,229,SAN RAFAEL
2021,05670,48,45,43,41,40,221,SAN ROQUE
2021,05674,51,49,47,46,47,242,SAN VICENTE FERRER
2021,05679,50,47,46,44,44,235,SANTA BÁRBARA
2021,05686,55,52,51,49,52,260,SANTA ROSA DE OSOS
2021,05690,48,44,43,42,41,221,SANTO DOMINGO
2021,05697,52,48,46,46,47,241,EL SANTUARIO
2021,05736,47,41,41,40,41,212,SEGOVIA
2021,05756,50,47,46,44,44,235,SONSÓN
2021,05761,49,45,43,43,42,226,SOPETRÁN
2021,05789,50,46,45,45,44,233,TÁMESIS
2021,05790,48,44,43,42,41,222,TARAZÁ
2021,05792,51,49,47,46,46,244,TARSO
2021,05809,52,47,46,46,45,240,TITIRIBÍ
2021,05819,50,48,46,45,43,237,TOLEDO
2021,05837,45,41,40,38,39,208,TURBO
2021,05842,48,45,43,44,40,224,URAMITA
2021,05847,47,44,44,41,40,220,URRAO
2021,05854,47,44,43,42,40,219,VALDIVIA
2021,05856,52,50,49,47,41,245,VALPARAÍSO
2021,05858,46,42,41,39,41,211,VEGACHÍ
2021,05861,49,45,46,44,43,231,VENECIA
2021,05873,40,37,35,34,39,185,VIGÍA DEL FUERTE
2021,05885,47,42,43,42,39,218,YALÍ
2021,05887,53,51,49,48,46,251,YARUMAL
2021,05890,47,43,42,41,41,217,YOLOMBÓ
2021,05893,49,45,45,42,44,227,YONDÓ
2021,05895,44,39,39,37,38,200,ZARAGOZA
2022,05001,53,50,48,48,50,250,MEDELLÍN
2022,05002,53,52,49,49,48,254,ABEJORRAL
2022,05004,48,48,45,45,44,233,ABRIAQUÍ
2022,05021,48,45,46,43,42,227,ALEJANDRÍA
2022,05030,50,46,45,44,44,233,AMAGÁ
2022,05031,50,48,45,43,42,233,AMALFI
2022,05034,53,50,49,49,46,251,ANDES
2022,05036,45,40,40,40,40,209,ANGELÓPOLIS
2022,05038,43,40,40,39,38,204,ANGOSTURA
2022,05040,41,37,38,37,38,192,ANORÍ
2022,05042,49,45,44,44,44,230,SANTA FÉ DE ANTIOQUIA
2022,05044,47,43,44,42,40,221,ANZÁ
2022,05045,51,47,46,45,46,236,APARTADÓ
2022,05051,45,42,42,40,41,212,ARBOLETES
2022,05055,47,45,45,44,40,225,ARGELIA
2022,05059,53,49,49,48,48,250,ARMENIA
2022,05079,50,47,45,45,44,235,BARBOSA
2022,05086,48,46,45,42,41,227,BELMIRA
2022,05088,54,50,48,48,50,252,BELLO
2022,05091,48,45,43,43,40,224,BETANIA
2022,05093,45,42,42,41,39,213,BETULIA
2022,05101,52,49,47,46,45,243,CIUDAD BOLÍVAR
2022,05107,48,44,43,44,41,224,BRICEÑO
2022,05113,47,42,44,45,39,223,BURITICÁ
2022,05120,45,41,42,41,40,212,CÁCERES
2022,05125,44,41,42,40,38,209,CAICEDO
2022,05129,54,51,49,49,51,256,CALDAS
2022,05134,47,44,44,43,41,224,CAMPAMENTO
2022,05138,48,44,45,43,40,224,CAÑASGORDAS
2022,05142,47,47,45,44,44,230,CARACOLÍ
2022,05145,48,46,44,45,42,228,CARAMANTA
2022,05147,49,47,44,44,44,232,CAREPA
2022,05148,56,54,52,50,51,266,EL CARMEN DE VIBORAL
2022,05150,48,44,46,44,44,229,CAROLINA
2022,05154,51,50,47,45,47,243,CAUCASIA
2022,05172,48,46,45,43,42,228,CHIGORODÓ
2022,05190,50,51,47,45,44,241,CISNEROS
2022,05197,53,50,48,47,45,248,COCORNÁ
2022,05206,49,44,43,42,42,224,CONCEPCIÓN
2022,05209,46,43,43,41,40,216,CONCORDIA
2022,05212,55,52,51,50,53,263,COPACABANA
2022,05234,45,42,42,41,38,212,DABEIBA
2022,05237,51,48,46,46,47,242,DONMATÍAS
2022,05240,47,46,45,43,42,227,EBÉJICO
2022,05250,46,42,41,41,40,214,EL BAGRE
2022,05264,53,52,50,50,51,260,ENTRERRÍOS
2022,05266,58,56,54,54,62,282,ENVIGADO
2022,05282,50,47,46,46,46,238,FREDONIA
2022,05284,50,48,47,45,44,238,FRONTINO
2022,05306,46,43,43,41,39,217,GIRALDO
2022,05308,53,50,48,47,50,251,GIRARDOTA
2022,05310,49,50,48,47,44,244,GÓMEZ PLATA
2022,05313,51,50,47,46,46,243,GRANADA
2022,05315,51,49,50,46,44,246,GUADALUPE
2022,05318,53,51,49,49,50,253,GUARNE
2022,05321,53,52,48,49,49,254,GUATAPÉ
2022,05347,49,47,47,45,45,237,HELICONIA
2022,05353,53,47,48,47,53,248,HISPANIA
2022,05360,55,52,50,50,53,261,ITAGÜÍ
2022,05361,44,40,41,40,39,208,ITUANGO
2022,05364,52,50,48,47,47,248,JARDÍN
2022,05368,52,49,47,48,47,246,JERICÓ
2022,05376,56,54,52,51,53,268,LA CEJA
2022,05380,57,54,51,51,57,270,LA ESTRELLA
2022,05390,51,48,46,46,46,240,LA PINTADA
2022,05400,52,53,49,48,49,255,LA UNIÓN
2022,05411,49,46,44,44,43,229,LIBORINA
2022,05425,50,49,47,46,43,240,MACEO
2022,05440,55,52,51,50,53,262,MARINILLA
2022,05467,49,46,45,44,45,231,MONTEBELLO
2022,05475,42,34,41,35,37,191,MURINDÓ
2022,05480,45,41,42,40,40,212,MUTATÁ
2022,05483,48,45,45,44,41,227,NARIÑO
2022,05490,45,41,41,40,40,209,NECOCLÍ
2022,05495,46,42,42,41,39,214,NECHÍ
2022,05501,53,49,47,47,46,245,OLAYA
2022,05541,49,48,45,45,47,236,PEÑOL
2022,05543,48,44,43,43,41,223,PEQUE
2022,05576,50,46,47,45,46,237,PUEBLORRICO
2022,05579,47,43,42,42,42,219,PUERTO BERRÍO
2022,05585,46,43,42,41,41,215,PUERTO NARE
2022,05591,51,49,48,46,47,244,PUERTO TRIUNFO
2022,05604,45,41,40,40,40,209,REMEDIOS
2022,05607,55,54,51,51,58,268,RETIRO
2022,05615,55,53,50,50,55,263,RIONEGRO
2022,05628,47,43,43,41,41,218,SABANALARGA
2022,05631,58,54,53,53,58,278,SABANETA
2022,05642,52,48,45,44,44,237,SALGAR
2022,05647,49,46,46,45,41,232,SAN ANDRÉS DE CUERQUÍA
2022,05649,49,46,45,44,43,231,SAN CARLOS
2022,05652,49,49,46,45,46,238,SAN FRANCISCO
2022,05656,51,47,47,47,45,241,SAN JERÓNIMO
2022,05658,49,48,45,43,44,233,SAN JOSÉ DE LA MONTAÑA
2022,05659,45,41,41,40,40,209,SAN JUAN DE URABÁ
2022,05660,49,48,47,44,43,236,SAN LUIS
2022,05664,53,50,49,48,47,250,SAN PEDRO DE LOS MILAGROS
2022,05665,47,45,45,42,41,224,SAN PEDRO DE URABÁ
2022,05667,52,49,47,47,49,245,SAN RAFAEL
2022,05670,47,45,43,42,42,223,SAN ROQUE
2022,05674,51,49,47,46,47,243,SAN VICENTE FERRER
2022,05679,51,49,46,47,45,242,SANTA BÁRBARA
2022,05686,54,53,51,50,51,261,SANTA ROSA DE OSOS
2022,05690,51,48,47,45,43,239,SANTO DOMINGO
2022,05697,52,49,46,47,48,243,EL SANTUARIO
2022,05736,46,42,42,41,41,215,SEGOVIA
2022,05756,49,48,46,45,43,235,SONSÓN
2022,05761,47,45,43,42,42,223,SOPETRÁN
2022,05789,50,46,47,47,44,239,TÁMESIS
2022,05790,47,44,44,42,40,222,TARAZÁ
2022,05792,52,50,47,47,46,245,TARSO
2022,05809,50,45,44,45,45,232,TITIRIBÍ
2022,05819,46,41,41,39,39,209,TOLEDO
2022,05837,46,42,41,41,41,214,TURBO
2022,05842,47,43,44,43,43,222,URAMITA
2022,05847,47,44,44,42,41,222,URRAO
2022,05854,50,47,45,44,42,234,VALDIVIA
2022,05856,50,48,44,45,43,234,VALPARAÍSO
2022,05858,47,43,42,40,40,215,VEGACHÍ
2022,05861,47,43,43,42,42,221,VENECIA
2022,05873,40,37,37,35,41,190,VIGÍA DEL FUERTE
2022,05885,45,42,40,38,38,207,YALÍ
2022,05887,54,51,49,49,47,254,YARUMAL
2022,05890,46,42,41,40,40,213,YOLOMBÓ
2022,05893,49,47,45,43,43,231,YONDÓ
2022,05895,44,40,40,39,39,204,ZARAGOZA
